<?xml version="1.0" encoding="iso-8859-1"?>
<mosinstall type="menu" version="1.0.0">
	<name>Wrapper</name>
	<group>Other</group>
	<author>Joomla! Project</author>
	<creationDate>July 2004</creationDate>
	<copyright>(C) 2005 Open Source Matters. All rights reserved.</copyright>
	<license>http://www.gnu.org/licenses/gpl-2.0.html GNU/GPL</license>
	<authorEmail>admin@joomla.org</authorEmail>
	<authorUrl>www.joomla.org</authorUrl>
	<version>1.0.0</version>
	<description>Crea un IFrame per caricare pagine esterne o siti in Joomla</description>
	<params>
		<param name="menu_image" type="imagelist" directory="/images/stories" hide_default="1" default="" label="Immagine Menu" description="Una piccola immagine viene collocata a destra o sinistra degli oggetti menu, le immagini devono risiedere nella cartella images/stories/" />
		<param name="pageclass_sfx" type="text" size="20" default="" label="Suffisso class css pagina" description="Un suffix da applicare alla class css della pagina, questo permette uno stile diverso per la pagina" />
		<param name="back_button" type="list" default="" label="Bottone indietro" description="Mostra/Nascondi il bottone indietro, that returns you to the previously view page">
			<option value="">Usa Globali</option>
			<option value="0">Nascondi</option>
			<option value="1">Mostra</option>
		</param>
		<param name="page_title" type="radio" default="1" label="Titolo pagina" description="Mostra/Nascondi il titolo pagina">
			<option value="0">Nascondi</option>
			<option value="1">Mostra</option>
		</param>
		<param name="header" type="text" size="30" default="" label="Titolo pagina" description="Testo da mostrare in cima alla pagina. Se vuoto, viene utilizzato il nome del Menu" />
		<param name="@spacer" type="spacer" default="" label="" description="" />
		<param name="scrolling" type="radio" default="auto" label="Scroll Bars" description="Mostra/Nascondi Barre Orizzontali e Verticali.">
			<option value="no">No</option>
			<option value="yes">Si</option>
			<option value="auto">Auto</option>
		</param>
		<param name="width" type="text" size="5" default="100%" label="Larghezza" description="Larghezza della finestra IFrame , potete inserire un numero assoluto di pixels, o relativo indicando la percentuale %" />
		<param name="height" type="text" size="5" default="500" label="Altezza" description="Altezza della finestra IFrame" />
		<param name="height_auto" type="radio" default="0" label="Altezza automatica" description="Altezza generata automaticamente settata come la pagina esterna. Questo funziona solo con pagine contenute nel vostro stesso dominio. Se appare un messaggio di errore Javascript, assicuratevi che questo parametro sia disattivato. Tutto questo non permette di avere una compatibilit� con XHTML per questa pagina">
			<option value="0">No</option>
			<option value="1">Si</option>
		</param>
		<param name="add" type="radio" default="1" label="Auto Aggiungi" description="Di default http:// viene aggiunto se non viene trovato http:// o https:// nella url link indicato, potete scegliere o meno se utilizzare questa funzione">
			<option value="0">No</option>
			<option value="1">Si</option>
		</param>
	</params>
</mosinstall>
