<?xml version="1.0" encoding="iso-8859-1"?>
<mosinstall type="component" version="1.0.0">
	<name>Poll</name>
	<author>Joomla! Project</author>
	<creationDate>July 2004</creationDate>
	<copyright>(C) 2005 Open Source Matters. All rights reserved.</copyright>
	<license>http://www.gnu.org/licenses/gpl-2.0.html GNU/GPL</license>
	<authorEmail>admin@joomla.org</authorEmail>
	<authorUrl>www.joomla.org</authorUrl>
	<version>1.0.0</version>
	<description>Questo componente gestisce i Sondaggi</description>
	<params>
		<param name="menu_image" type="imagelist" directory="/images/stories" hide_default="1" default="" label="Immagine Menu" description="Una piccola immagine posizionata a destra o sinistra della voce di menu, immagine che deve risiedere nella cartella images/stories/" />
		<param name="pageclass_sfx" type="text" default="" label="Page Class Suffix" description="Un suffisso applicato alla class css della pagina, che ci permette di ottenere uno stile individuale" />
		<param name="back_button" type="list" default="" label="Bottone indietro" description="Mostra/Nascondi il bottone indietro, che ci rimanda alla pagina precedentemente visitata">
			<option value="">Usa Globali</option>
			<option value="0">Nascondi</option>
			<option value="1">Mostra</option>
		</param>
		<param name="page_title" type="radio" default="1" label="Titolo pagina" description="Mostra/Nascondi il titolo della pagina">
			<option value="0">Nascondi</option>
			<option value="1">Mostra</option>
		</param>
		<param name="header" type="text" size="30" default="" label="Titolo pagina" description="Testo da mostrare in cima alla pagina. Se lasciato vuoto, viene utilizzato il nome del menu" />
	</params>
</mosinstall>
