<?xml version="1.0" encoding="iso-8859-1"?>
<mosinstall type="menu" version="1.0.0">
	<name>Collegamento - Contenuto Statico</name>
	<group>Content|Link</group>
	<author>Joomla! Project</author>
	<creationDate>July 2004</creationDate>
	<copyright>(C) 2005 Open Source Matters. All rights reserved.</copyright>
	<license>http://www.gnu.org/licenses/gpl-2.0.html GNU/GPL</license>
	<authorEmail>admin@joomla.org</authorEmail>
	<authorUrl>www.joomla.org</authorUrl>
	<version>1.0.0</version>
	<description>Crea un collegamento ad un contenuto statico</description>
	<params>
		<param name="menu_image" type="imagelist" directory="/images/stories" hide_default="1" default="" label="Immagine Menu" description="Una piccola immagine viene collocata a destra o sinistra degli oggetti menu, le immagini devono risiedere nella cartella images/stories/" />
		<param name="@spacer" type="spacer" default="" label="" description="" />
		<param name="unique_itemid" type="radio" default="0" label="Unico Itemid" description="Utilizzare un unico Itemid per il cllegamento">
			<option value="0">No</option>
			<option value="1">Si</option>
		</param>
	</params>
</mosinstall>
