<?xml version="1.0" encoding="iso-8859-1"?>
<mosinstall type="menu" version="1.0.0">
	<name>Lista - Contenuti Sezione</name>
	<group>Content</group>
	<author>Joomla! Project</author>
	<creationDate>July 2004</creationDate>
	<copyright>(C) 2005 Open Source Matters. All rights reserved.</copyright>
	<license>http://www.gnu.org/licenses/gpl-2.0.html GNU/GPL</license>
	<authorEmail>admin@joomla.org</authorEmail>
	<authorUrl>www.joomla.org</authorUrl>
	<version>1.0.0</version>
	<description>Crea la lista dei contenuti di una sezione</description>
	<params>
		<param name="menu_image" type="imagelist" directory="/images/stories" hide_default="1" default="" label="Immagine Menu" description="Una piccola immagine viene collocata a destra o sinistra degli oggetti menu, le immagini devono risiedere nella cartella images/stories/" />
		<param name="page_title" type="radio" default="1" label="Titolo sezione" description="Mostra/Nascondi Titolo sezione">
			<option value="0">Nascondi</option>
			<option value="1">Mostra</option>
		</param>
		<param name="pageclass_sfx" type="text" size="20" default="" label="Suffisso class CSS pagina" description="Un suffisso da applicare alla class CSS della pagina, questo permette uno stile diverso per la pagina" />
		<param name="back_button" type="list" default="" label="Pulsante indietro" description="Mostra/Nascondi il pulsante indietro, questo ci riporta alla pagina precedentemente visitata">
			<option value="">Usa Globali</option>
			<option value="0">Nascondi</option>
			<option value="1">Mostra</option>
		</param>
		<param name="@spacer" type="spacer" default="" label="" description="" />
		<param name="description_sec" type="radio" default="1" label="Descrizione sezione" description="Mostra/Nascondi descrizione sezione">
			<option value="0">Nascondi</option>
			<option value="1">Mostra</option>
		</param>
		<param name="description_sec_image" type="radio" default="1" label="Immagine descrizione sezione" description="Mostra/Nascondi immagine descrizione sezione">
			<option value="0">Nascondi</option>
			<option value="1">Mostra</option>
		</param>
		<param name="orderby" type="list" default="" label="Ordina per" description="Gestione ordinamento degli articoli.">
			<option value="">Predefinito</option>
			<option value="alpha">Ordine alfabetico A-Z</option>
			<option value="ralpha">Ordine alfabetico al contrario Z-A</option>
			<option value="order">Ordinamento</option>
		</param>
		<param name="@spacer" type="spacer" default="" label="" description="" />
		<param name="other_cat_section" type="radio" default="1" label="Lista categoria - sezione" description="Mostra/Nascondi la lista delle categorie nella visuale lista pagina">
			<option value="0">Nascondi</option>
			<option value="1">Mostra</option>
		</param>
		<param name="empty_cat_section" type="radio" default="0" label="Categorie vuote nella sezione" description="Mostra/Nascondi categorie vuote (senza articoli) nella visuale sezione">
			<option value="0">Nascondi</option>
			<option value="1">Mostra</option>
		</param>
		<param name="@spacer" type="spacer" default="" label="" description="" />
		<param name="description_cat" type="radio" default="1" label="Descrizione categoria" description="Mostra/Nascondi descrizione categoria">
			<option value="0">Nascondi</option>
			<option value="1">Mostra</option>
		</param>
		<param name="description_cat_image" type="radio" default="1" label="Immagine descrizione categoria" description="Mostra/Nascondi immagine descrizione categoria">
			<option value="0">Nascondi</option>
			<option value="1">Mostra</option>
		</param>
		<param name="other_cat" type="radio" default="1" label="Lista categorie - categoria" description="Mostra/Nascondi la lista delle categorie nella visuale tabellare">
			<option value="0">Nascondi</option>
			<option value="1">Mostra</option>
		</param>
		<param name="empty_cat" type="radio" default="0" label="Categorie vuote" description="Mostra/Nascondi categorie vuote (senza articoli)">
			<option value="0">Nascondi</option>
			<option value="1">Mostra</option>
		</param>
		<param name="cat_items" type="radio" default="1" label="# Articoli categoria" description="Mostra/Nascondi numero di articoli in ogni categoria">
			<option value="0">Nascondi</option>
			<option value="1">Mostra</option>
		</param>
		<param name="cat_description" type="radio" default="1" label="Descrizione categorie elencate" description="Mostra/Nascondi la descrizione che appare sotto il nome della categoria nelle liste ">
			<option value="0">Nascondi</option>
			<option value="1">Mostra</option>
		</param>
		<param name="@spacer" type="spacer" default="" label="" description="" />
		<param name="@spacer" type="spacer" default="" label="" description="" />
		<param name="date_format" type="text" size="15" default="" label="Formato data" description="Quale formato data mostrare, usa il comando PHPs strftime  - se lasciato in bianco utilizza quello che si trova nel tuo file lingua" />
		<param name="date" type="list" default="" label="Colonna data" description="Mostra/Nascondi colonna data">
			<option value="">Usa Globali</option>
			<option value="0">Nascondi</option>
			<option value="1">Mostra</option>
		</param>
		<param name="author" type="list" default="" label="Colonna autore" description="Mostra/Nascondi colonna autore">
			<option value="">Usa Globali</option>
			<option value="0">Nascondi</option>
			<option value="1">Mostra</option>
		</param>
		<param name="hits" type="list" default="" label="Colonna visite" description="Mostra/Nascondi colonna visite">
			<option value="">Usa Globali</option>
			<option value="0">Nascondi</option>
			<option value="1">Mostra</option>
		</param>
		<param name="headings" type="radio" default="1" label="Intestazione" description="Mostra/Nascondi the Table Headings">
			<option value="0">Nascondi</option>
			<option value="1">Mostra</option>
		</param>
		<param name="navigation" type="radio" default="1" label="Barra navigazione" description="Mostra/Nascondi the Navigation bar">
			<option value="0">Nascondi</option>
			<option value="1">Mostra</option>
		</param>
		<param name="order_select" type="radio" default="1" label="Seleziona ordinamento" description="Mostra/Nascondi ordinamento del selettore menu a discesa">
			<option value="0">Nascondi</option>
			<option value="1">Mostra</option>
		</param>
		<param name="display" type="radio" default="1" label="Mostra selezione" description="Mostra/Nascondi seleziona da menu a discesa">
			<option value="0">Nascondi</option>
			<option value="1">Mostra</option>
		</param>
		<param name="display_num" type="list" default="50" label="Mostra" description="Numero di articoli da visualizzare">
			<option value="5">5</option>
			<option value="10">10</option>
			<option value="15">15</option>
			<option value="20">20</option>
			<option value="25">25</option>
			<option value="30">30</option>
			<option value="50">50</option>
		</param>
		<param name="filter" type="radio" default="1" label="Filtro" description="Mostra/Nascondi filtri">
			<option value="0">Nascondi</option>
			<option value="1">Mostra</option>
		</param>
		<param name="filter_type" type="list" default="title" label="Filtro campo" description="A quale campo vuoi applicare i filtri">
			<option value="title">Titolo</option>
			<option value="author">Autore</option>
			<option value="hits">Visite</option>
		</param>
		<param name="@spacer" type="spacer" default="" label="" description="" />
 		<param name="unpublished" type="radio" default="1" label="Elementi non pubblicati" description="Mostra/Nascondi elementi non pubblicati per utenti del gruppo `Publisher` e superiori">
 			<option value="0">Nascondi</option>
 			<option value="1">Mostra</option>
 		</param>
	</params>
</mosinstall>