<?xml version="1.0" encoding="iso-8859-1"?>
<mosinstall type="component" version="1.0.0">
	<name>Contact</name>
	<author>Joomla! Project</author>
	<copyright>(C) 2005 Open Source Matters. All rights reserved.</copyright>
	<license>http://www.gnu.org/licenses/gpl-2.0.html GNU/GPL</license>
	<authorEmail>admin@joomla.org</authorEmail>
	<authorUrl>www.joomla.org</authorUrl>
	<version>1.0.0</version>
	<description>Questo componente mostra una lista di Informazioni contatti</description>
	<params>
		<param name="menu_image" type="imagelist" directory="/images/stories" hide_default="1" default="" label="Immagine Menu" description="Una piccola immagine posizionata a destra o sinistra della voce di menu, immagine che deve risiedere nella cartella images/stories/" />
		<param name="pageclass_sfx" type="text" default="" label="Page Class Suffix" description="Un suffisso applicato alla class css della pagina, che ci permette di ottenere uno stile individuale" />
		<param name="back_button" type="list" default="" label="Bottone indietro" description="Mostra/Nascondi il bottone indietro, che ci rimanda alla pagina precedentemente visitata">
			<option value="">Usa globali</option>
			<option value="0">Nascondi</option>
			<option value="1">Mostra</option>
		</param>
		<param name="page_title" type="radio" default="1" label="Titolo pagina" description="Mostra/Nascondi il titolo pagina">
			<option value="0">Nascondi</option>
			<option value="1">Mostra</option>
		</param>
		<param name="header" type="text" size="30" default="" label="Titolo pagina" description="Testo da mostrare in cima alla pagina. Se lasciato vuoto, viene utilizzato il nome del menu" />
		<param name="@spacer" type="spacer" default="" label="" description="" />
		<param name="catid" type="mos_category" default="0" scope="com_contact_details" label="Definire categorie speciali" description="Mostra conatti solo di determinate categorie" />
		<param name="other_cat_section" type="radio" default="1" label="Lista categoria - Sezione" description="Mostra/Nascondi la lista delle categorie nella visuale pagina">
			<option value="0">Nascondi</option>
			<option value="1">Mostra</option>
		</param>
		<param name="@spacer" type="spacer" default="" label="" description="" />
		<param name="other_cat" type="radio" default="1" label="Lista categoria - Categoria" description="Mostra/Nascondi lalista delle categorie nella visuale tabella">
			<option value="0">Nascondi</option>
			<option value="1">Mostra</option>
		</param>
		<param name="cat_description" type="radio" default="1" label="Descrizione Categoria" description="Mostra/Nascondi la descrizione per la lista delle altre categorie">
			<option value="0">Nascondi</option>
			<option value="1">Mostra</option>
		</param>
		<param name="cat_items" type="radio" default="1" label="# Oggetti Categoria" description="Mostra/Nascondi numero di oggetti per categoria">
			<option value="0">Nascondi</option>
			<option value="1">Mostra</option>
		</param>
		<param name="@spacer" type="spacer" default="" label="" description="" />
		<param name="description" type="radio" default="1" label="Description" description="Mostra/Nascondi descrizione">
			<option value="0">Nascondi</option>
			<option value="1">Mostra</option>
		</param>
		<param name="description_text" type="textarea" default="" label="Testo descrizione" rows="5" cols="30" description="Descrizione, se lasciato vuoto utilizza _CONTACTS_DESC dal vostro file lingua"/>
		<param name="image" type="imagelist" directory="/images/stories" hide_default="1" default="-1" label="Immagine" description="Immagine, deve trovarsi nella cartella /images/stories. Predefinita web_links.jpg, Nessuna immagine significa che non vengono inserite immagini" />
		<param name="image_align" type="radio" default="right" label="Allineamento Immagine" description="Allineamento Immagine">
			<option value="left">Sinistra</option>
			<option value="right">Destra</option>
		</param>
		<param name="@spacer" type="spacer" default="" label="" description="" />
		<param name="headings" type="radio" default="1" label="Intestazione tabella" description="Mostra/Nascondi intestazione tabella">
			<option value="0">Nascondi</option>
			<option value="1">Mostra</option>
		</param>
		<param name="position" type="radio" default="1" label="Posizione colonna" description="Mostra/Nascondi posizione colonna">
			<option value="0">Nascondi</option>
			<option value="1">Mostra</option>
		</param>
		<param name="email" type="radio" default="0" label="Colonna email" description="Mostra/Nascondi colonna email">
			<option value="0">Nascondi</option>
			<option value="1">Mostra</option>
		</param>
		<param name="telephone" type="radio" default="1" label="Colonna telefono" description="Mostra/Nascondi colonna telefono">
			<option value="0">Nascondi</option>
			<option value="1">Mostra</option>
		</param>
		<param name="fax" type="radio" default="1" label="Colonna fax" description="Mostra/Nascondi colonna Fax">
			<option value="0">Nascondi</option>
			<option value="1">Mostra</option>
		</param>
		<param name="@spacer" type="spacer" default="" label="" description="" />
		<param name="bannedEmail" type="text" default="" label="Banna Email" size="40" description="Email contenente parti di testo indicato verranno bannate, separare le parole da bannare con punto e virgola come da esempio es. ban;testo;etc" />
		<param name="bannedSubject" type="text" default="" label="Banna Oggetto" size="40" description="Oggetti contenenti parti di testo indicato verranno bannati, separare le parole da bannare con punto e virgola come da esempio es. ban;testo;etc" />
		<param name="bannedText" type="text" default="" label="Banna Testo" size="40" description="Testo contenente le parole indicate vine bannato, separare le parole da bannare con punto e virgola come da esempio es. ban;testo;etc" />
		<param name="@spacer" type="spacer" default="" label="" description="" />
		<param name="sessionCheck" type="radio" default="1" label="Controllo sessione" description="Controllo esistenza del cookie sessione, questo sta a significare che un utente senza cookie sessione non pu� inviare email">
			<option value="0">Attiva</option>
			<option value="1">Disattiva</option>
		</param>
	</params>
</mosinstall>
