<?xml version="1.0" encoding="iso-8859-1"?>
<mosinstall type="module">
	<name>Stat Items</name>
	<author>Joomla! Project</author>
	<creationDate>July 2004</creationDate>
	<copyright>(C) 2005 Open Source Matters. All rights reserved.</copyright>
	<license>http://www.gnu.org/licenses/gpl-2.0.html GNU/GPL</license>
	<authorEmail>admin@joomla.org</authorEmail>
	<authorUrl>www.joomla.org</authorUrl>
	<version>1.0.0</version>
	<description>Questo modulo mostra le statistiche delle voci di men� attive in ogni menu visibile.</description>
	<files>
		<filename module="mod_stats">mod_stats.php</filename>
	</files>
	<params/>
</mosinstall>
