<?xml version="1.0" encoding="iso-8859-1"?>
<mosinstall type="module">
	<name>Popular Items</name>
	<author>Joomla! Project</author>
	<creationDate>July 2004</creationDate>
	<copyright>(C) 2005 Open Source Matters. All rights reserved.</copyright>
	<license>http://www.gnu.org/licenses/gpl-2.0.html GNU/GPL</license>
	<authorEmail>admin@joomla.org</authorEmail>
	<authorUrl>www.joomla.org</authorUrl>
	<version>1.0.0</version>
	<description>Questo modulo mostra una lista degli articoli pi� letti. (alcuni possono essere scaduti e sono visibili anche se non sono i pi� recenti). Gli articoli che vengono mostrati in prima pagina non sono inclusi nella lista.</description>
	<files>
		<filename module="mod_popular">mod_popular.php</filename>
	</files>
	<params/>
</mosinstall>
