<?xml version="1.0" encoding="iso-8859-1"?>
<mosinstall type="sef_ext">
	<name>ReMOSitory</name>
	<author>ARTIO s.r.o.</author>
	<creationDate>2. February 2007</creationDate>
	<copyright>ARTIO s.r.o.</copyright>
	<license>Copyrighted - http://www.artio.net/joomsef/licence-ext</license>
	<authorEmail>info@artio.net</authorEmail>
	<authorUrl>www.artio.net</authorUrl>
	<version>1.1.0</version>
	<description>Adds SEO support for ReMOSitory component.</description>
	<files>
		<filename sef_ext="remository">com_remository.php</filename>
	</files>
	<params>
 		<param name="ignoreSource" type="radio" default="2" label="Ignore multiple sources:" description="You can choose to override the default behaviour of this option.">
 			<option value="2">Use global config</option>
 			<option value="0">No</option>
 			<option value="1">Yes</option>
 		</param>
 		<param name="itemid" type="radio" default="0" label="Itemid handling:" description="You can choose to override the default behaviour with your own Itemid.">
 			<option value="0">Use global config</option>
 			<option value="1">Override</option>
 		</param>
 		<param name="overrideId" type="text" default="" label="Override Itemid:" description="Itemid to always use with this component. Leave blank to use the default one."></param>
 		<param name="fileid" type="radio" default="0" label="Add file ID to URL:" description="In case there are files with the same title you can choose to add their ID to URL to distinguish them.">
 			<option value="0">No</option>
 			<option value="1">Yes</option>
 		</param>
 		<param name="categories" type="list" default="2" label="Add categories to URL:" description="Controls the way categories are added to URL.">
 			<option value="0">No</option>
 			<option value="1">Only last one</option>
 			<option value="2">All categories</option>
 		</param>
 		<param name="categoryid" type="radio" default="0" label="Add category ID to URL:" description="In case there are categories with the same name you can choose to add their ID to URL to distinguish them.">
 			<option value="0">No</option>
 			<option value="1">Yes</option>
 		</param>
 	</params>
</mosinstall>
