<?xml version="1.0" encoding="iso-8859-1"?>
<mosinstall type="sef_ext">
	<name>DocMan</name>
	<author>ARTIO s.r.o.</author>
	<creationDate>25. July 2007</creationDate>
	<copyright>ARTIO s.r.o.</copyright>
	<license>Free with limitations - http://www.artio.net/en/joomsef/artio-joomsef-license-and-pricing</license>
	<authorEmail>info@artio.net</authorEmail>
	<authorUrl>www.artio.net</authorUrl>
	<version>1.1.1</version>
	<description>Adds SEO support for DocMan component.</description>
	<files>
		<filename sef_ext="docman">com_docman.php</filename>
	</files>
	<params>
 		<param name="ignoreSource" type="radio" default="2" label="Ignore multiple sources:" description="You can choose to override the default behaviour of this option.">
 			<option value="2">Use global config</option>
 			<option value="0">No</option>
 			<option value="1">Yes</option>
 		</param>
 		<param name="itemid" type="radio" default="0" label="Itemid handling:" description="You can choose to override the default behaviour with your own Itemid.">
 			<option value="0">Use global config</option>
 			<option value="1">Override</option>
 		</param>
 		<param name="overrideId" type="text" default="" label="Override Itemid:" description="Itemid to always use with this component. Leave blank to use the default one."></param>
 	</params>
</mosinstall>
