<?xml version="1.0" encoding="iso-8859-1"?>
<mosinstall type="sef_ext">
	<name>Mosets Tree</name>
	<author>ARTIO s.r.o.</author>
	<creationDate>28. August 2007</creationDate>
	<copyright>ARTIO s.r.o.</copyright>
	<license>Copyrighted - http://www.artio.net/joomsef/licence-ext</license>
	<authorEmail>info@artio.net</authorEmail>
	<authorUrl>www.artio.net</authorUrl>
	<version>1.2.1</version>
	<description>Adds SEO support for Mosets Tree component.</description>
	<files>
		<filename sef_ext="mtree">com_mtree.php</filename>
	</files>
	<params>
 		<param name="ignoreSource" type="radio" default="2" label="Ignore multiple sources:" description="You can choose to override the default behaviour of this option.">
 			<option value="2">Use global config</option>
 			<option value="0">No</option>
 			<option value="1">Yes</option>
 		</param>
 		<param name="itemid" type="radio" default="0" label="Itemid handling:" description="You can choose to override the default behaviour with your own Itemid.">
 			<option value="0">Use global config</option>
 			<option value="1">Override</option>
 		</param>
 		<param name="overrideId" type="text" default="" label="Override Itemid:" description="Itemid to always use with this component. Leave blank to use the default one."></param>
 		<param name="viewlink" type="radio" default="0" label="Add 'viewlink' to links:" description="If set to Yes, the 'viewlink' will be appended to links.">
 			<option value="0">No</option>
 			<option value="1">Yes</option>
 		</param>
 		<param name="addtitle" type="radio" default="1" label="Add menu title to URL:" description="If set to No, the menu title of component won't be present in the URL.">
 			<option value="0">No</option>
 			<option value="1">Yes</option>
 		</param>
 		<param name="categories" type="list" default="2" label="Add categories to URL:" description="Controls the way categories are added to URL.">
 			<option value="0">No</option>
 			<option value="1">Only last one</option>
 			<option value="2">All categories</option>
 		</param> 		
 	</params>
</mosinstall>
